question,answer,additional_info
¿Qué es Bliwork?,Bliwork es una plataforma que conecta empresas con talento usando Inteligencia Artificial.,Extraído de página principal
¿Cómo funciona Bliwork?,Automatiza procesos de reclutamiento desde la búsqueda hasta la entrevista.,Sección About
¿Cómo puedo contactar a Bliwork?,Puedes escribirnos a través del formulario de contacto o correo oficial.,Sección Contact
¿Qué significa 'Automatizamos el reclutamiento con IA'?,"De la selección inteligente con IA al filtrado automático, Bliwork ofrece herramientas para acelerar contrataciones y encontrar talento ideal sin complicaciones.",Texto proporcionado
¿Qué es Blink IA?,Es el módulo que automatiza el proceso y convierte leads en entrevistas de manera sencilla.,Texto proporcionado
¿Qué es Blink Fuel?,Es el módulo que atrae candidatos cuando no los tienes y los transforma junto con Blink en entrevistas listas para avanzar.,Texto proporcionado
¿Qué es Blink Analytics?,Es el módulo que mide contrataciones y optimiza el reclutamiento con insights de datos que impulsan resultados.,Texto proporcionado
¿Con qué herramientas se integra Bliwork?,"Bliwork se integra fácilmente con Slack, WhatsApp y otros canales de comunicación para que los candidatos y reclutadores interactúen en sus plataformas preferidas.",Hipotético - Integraciones comunes en SaaS de reclutamiento
¿Es seguro usar Bliwork para manejar datos de candidatos?,"Sí, Bliwork utiliza protocolos de seguridad y cifrado avanzados para proteger la información sensible de candidatos y empresas.",Hipotético - Prácticas estándar de seguridad
¿Bliwork funciona 24/7?,"Sí, la plataforma está disponible todo el tiempo y los bots de IA pueden atender candidatos sin interrupciones.",Hipotético - Valor clave de automatización
¿Qué beneficios aporta Bliwork a los reclutadores?,"Reduce tiempos de contratación, mejora la calidad de candidatos entrevistados y disminuye costos de operación.",Hipotético - Beneficios estándar
¿Bliwork es personalizable por cliente?,"Sí, la infraestructura permite ajustar procesos, filtros y configuraciones para adaptarse a cada empresa.",Hipotético - Flexibilidad SaaS
¿Cuánto cuesta usar Bliwork?,Bliwork ofrece planes escalables según el tamaño de la empresa y el volumen de contrataciones. Contáctanos para una propuesta personalizada.,Hipotético - Información de precios
¿Cómo mejora Bliwork la experiencia del candidato?,"Bliwork ofrece comunicación ágil y clara con los candidatos, evitando tiempos de espera largos y brindando retroalimentación más rápida.",Hipotético - Caso de uso candidato
¿Qué métricas puedo medir con Bliwork Analytics?,"Puedes medir tiempo promedio de contratación, tasa de conversión de leads a entrevistas, satisfacción del reclutador y ROI en reclutamiento.",Hipotético - Métricas clave
¿Bliwork reemplaza al reclutador humano?,"No, Bliwork complementa al reclutador al automatizar tareas repetitivas y permitir que se concentre en la parte estratégica del proceso.",Hipotético - Posicionamiento de producto
¿Puedo usar Bliwork en distintos idiomas?,"Sí, la plataforma admite personalización multilingüe para mejorar la comunicación con candidatos de diferentes regiones.",Hipotético - Característica internacional
¿Qué tipo de empresas pueden usar Bliwork?,"Desde startups hasta corporativos, Bliwork se adapta a cualquier empresa que busque optimizar su proceso de contratación con IA.",Hipotético - Segmento de clientes
¿Cómo ayuda Bliwork a reducir el sesgo en la contratación?,"Al aplicar filtros objetivos y estandarizados, Bliwork reduce la influencia de prejuicios personales en las etapas iniciales del proceso.",Hipotético - Inclusión y diversidad
